[{"email":"riyad298@gmail.com","users_registration":[{"email":"riyad298@gmail.com","id":1,"full_name":"Ahsan Riyad","name_bangla":"\u09ae\u09cb\u0983 \u098f\u09b9\u09b8\u09be\u09a8 \u09ab\u09c7\u09b0\u09a6\u09cc\u09b8 \u09b0\u09bf\u09df\u09be\u09a6","first_name":"Riyad Ahs","last_name":"Ahsan Riy rfer","mobile":"01919448787","institution_id":"riyad ahsa ff ff","password":"29cf2160ad1165db8dacdfd2eedcf5d0","registration_date":"2019-11-27 10:15:15.000000","membership_number":1001}],"users_info":[{"email":"riyad298@gmail.com","gender":null,"ui_id":0,"nid_or_passport":"12548756","fathers_name":"Barkat Alam Siddiki","mother_name":"Urmeeff","spouse_name":"Maliha","number_of_children":2,"profession":"Student stgstrg afre","designation":"Studentafrf","institution":"Ame","blood_group":"O+","date_of_birth":"2020-03-19","religion":"Islam","json_test":null}],"users_address":[{"email":"riyad298@gmail.com","users_address_id":1,"present_line1":"riyad298@gmail.c","present_line2":null,"present_district":"Kurigram","present_police_station":"560000","present_post_office_name":"Tograinah","present_post_code":"5600","present_country":"Bangladesh","parmanent_line1":"Sarker Bari","parmanent_line2":null,"parmanent_police_station":"arfaerfaerfaerarfe","parmanent_district":"Dhaka","parmanent_post_office_name":"afreferf","parmanent_post_code":"3900","parmanent_country":"Bangladesh","second_citizenship_country":"frence"}],"verification_info":[{"id_v_info":1,"email":"riyad298@gmail.com","otp":"2408","forgot_password_crypto":"ac627ab1ccbdb62ec96e702f07f6425b","status":"approved","email_verification_status":"verified","change_request":"requested","change_request_time":"2019-11-29 01:45:23.000000","type":"admin","visibility":"","completeness":100,"last_verified_info":"\r\n"}],"childrens_info":[{"id":14,"email":"riyad298@gmail.com","no":"1","name":null,"gender":"Male","date_of_birth":"2020-03-22"},{"id":15,"email":"riyad298@gmail.com","no":"2","name":null,"gender":"Male","date_of_birth":"2020-03-22"}],"social_network":[{"id":16,"type":"forum","media_name":"Messenger","profile_name":null,"profile_link":"frafrferferferaferf","email":"riyad298@gmail.com"},{"id":19,"type":"personal","media_name":null,"profile_name":"1234556694","profile_link":"areferf","email":"riyad298@gmail.com"},{"id":21,"type":"forum","media_name":"Facebook","profile_name":null,"profile_link":"ahsan ferdous","email":"riyad298@gmail.com"}]},{"email":"ahsan.riyad@outlook.com","users_registration":[{"email":"ahsan.riyad@outlook.com","id":2,"full_name":"Md Ahsan Ferdous Riyad","name_bangla":"gg","first_name":"Riyad Ahsan","last_name":"Ahsan","mobile":"01919448787","institution_id":"riyad","password":"29cf2160ad1165db8dacdfd2eedcf5d0","registration_date":"2019-11-29 02:22:46.000000","membership_number":1006}],"users_info":[{"email":"ahsan.riyad@outlook.com","gender":"Male","ui_id":0,"nid_or_passport":"454655656646465","fathers_name":"Barkat Alam","mother_name":"Urmee Kabir","spouse_name":"Maliha","number_of_children":2,"profession":"st","designation":"Student","institution":"AIUB","blood_group":"AB+","date_of_birth":"2020-03-19","religion":null,"json_test":null}],"users_address":[{"email":"ahsan.riyad@outlook.com","users_address_id":2,"present_line1":"Arrf","present_line2":null,"present_district":"Kurigram","present_police_station":null,"present_post_office_name":null,"present_post_code":"3200","present_country":null,"parmanent_line1":null,"parmanent_line2":null,"parmanent_police_station":null,"parmanent_district":null,"parmanent_post_office_name":null,"parmanent_post_code":"3200","parmanent_country":"Bangladesh","second_citizenship_country":null}],"verification_info":[{"id_v_info":2,"email":"ahsan.riyad@outlook.com","otp":"4982","forgot_password_crypto":null,"status":"approved","email_verification_status":"not_verified","change_request":"approved","change_request_time":null,"type":"user","visibility":"full_name,institution_id,membership_number","completeness":100,"last_verified_info":null}],"childrens_info":[],"social_network":[]},{"email":"riyad298@yahoo.com","users_registration":[{"email":"riyad298@yahoo.com","id":3,"full_name":"Ahsan Ferdous","name_bangla":"","first_name":"Riyad","last_name":"Ahsan","mobile":"017192246822","institution_id":"15-2804-2oioo","password":"29cf2160ad1165db8dacdfd2eedcf5d0","registration_date":"2019-11-29 13:59:10.000000","membership_number":1003}],"users_info":[{"email":"riyad298@yahoo.com","gender":null,"ui_id":0,"nid_or_passport":"55555555577","fathers_name":"Romel agartg","mother_name":"Urmee Sultana","spouse_name":"aferfaef rafer","number_of_children":5,"profession":"arfafrafeaf","designation":"afferfaref","institution":"arfefearffrae arferf","blood_group":"A-","date_of_birth":"1992-11-01","religion":null,"json_test":null}],"users_address":[{"email":"riyad298@yahoo.com","users_address_id":3,"present_line1":"arfaerferf","present_line2":null,"present_district":"arferfer","present_police_station":"0","present_post_office_name":"Tograihat","present_post_code":"5600","present_country":"arfarfe ref er","parmanent_line1":"aerfearfe","parmanent_line2":null,"parmanent_police_station":"kurigram","parmanent_district":"arferferf","parmanent_post_office_name":null,"parmanent_post_code":"111546","parmanent_country":"arfefaerfafaerf","second_citizenship_country":null}],"verification_info":[{"id_v_info":3,"email":"riyad298@yahoo.com","otp":"8456","forgot_password_crypto":null,"status":"approved","email_verification_status":"verified","change_request":"approved","change_request_time":"2020-02-19 19:09:50.000000","type":"user","visibility":"full_name,institution_id,membership_number","completeness":80,"last_verified_info":"first_name,last_name,mobile,institution_id,nid_or_passport,fathers_name,mother_name,spouse_name,number_of_children,profession,designation,institution,blood_group,religion,date_of_birth,present_line1,present_district,present_police_station,present_post_code,present_post_office_name,present_country,parmanent_line1,parmanent_police_station,parmanent_district,parmanent_post_code,parmanent_post_office_name,parmanent_country,second_citizenship_country@#$Riyad,Ahsan,017192246822,15-2804-2oioo,55555555577,Romel agartg,Urmee Sultana,aferfaef rafer,5,arfafrafeaf,afferfaref,arfefearffrae arferf,A-,,1992-11-01,arfaerferf,arferfer,0,5600,Tograihat,arfarfe ref er,aerfearfe,,arferferf,111546,,arfefaerfafaerf,"}],"childrens_info":[],"social_network":[]},{"email":"riyad298@hotmail.com","users_registration":[{"email":"riyad298@hotmail.com","id":4,"full_name":"Md Ahsan Ferdous Riyad","name_bangla":"","first_name":null,"last_name":null,"mobile":"01919448787","institution_id":"riyad","password":"29cf2160ad1165db8dacdfd2eedcf5d0","registration_date":"2019-11-29 19:52:40.000000","membership_number":1004}],"users_info":[{"email":"riyad298@hotmail.com","gender":null,"ui_id":0,"nid_or_passport":"01919448787","fathers_name":"Romel","mother_name":null,"spouse_name":null,"number_of_children":null,"profession":null,"designation":null,"institution":null,"blood_group":null,"date_of_birth":"2019-09-16","religion":null,"json_test":null}],"users_address":[{"email":"riyad298@hotmail.com","users_address_id":4,"present_line1":null,"present_line2":null,"present_district":null,"present_police_station":null,"present_post_office_name":null,"present_post_code":null,"present_country":null,"parmanent_line1":null,"parmanent_line2":null,"parmanent_police_station":null,"parmanent_district":null,"parmanent_post_office_name":null,"parmanent_post_code":null,"parmanent_country":null,"second_citizenship_country":null}],"verification_info":[{"id_v_info":4,"email":"riyad298@hotmail.com","otp":"2591","forgot_password_crypto":null,"status":"rejected","email_verification_status":"not_verified","change_request":"not_requested","change_request_time":null,"type":"user","visibility":"full_name,institution_id,membership_number","completeness":100,"last_verified_info":null}],"childrens_info":[],"social_network":[]},{"email":"rimo@gmail.com","users_registration":[{"email":"rimo@gmail.com","id":5,"full_name":"rimo shahriar munem","name_bangla":"","first_name":null,"last_name":null,"mobile":"01919448787","institution_id":"afrerafarefaerarfaerf","password":"947a084ae67a0e57e0bf46a0d505e747","registration_date":"2019-11-30 23:16:02.000000","membership_number":1007}],"users_info":[{"email":"rimo@gmail.com","gender":null,"ui_id":0,"nid_or_passport":"12333665544888","fathers_name":"Romel","mother_name":"Urmee Kabir","spouse_name":"Romel","number_of_children":null,"profession":"Student","designation":null,"institution":null,"blood_group":null,"date_of_birth":null,"religion":null,"json_test":null}],"users_address":[{"email":"rimo@gmail.com","users_address_id":5,"present_line1":null,"present_line2":null,"present_district":null,"present_police_station":null,"present_post_office_name":null,"present_post_code":null,"present_country":null,"parmanent_line1":null,"parmanent_line2":null,"parmanent_police_station":null,"parmanent_district":null,"parmanent_post_office_name":null,"parmanent_post_code":null,"parmanent_country":null,"second_citizenship_country":null}],"verification_info":[{"id_v_info":5,"email":"rimo@gmail.com","otp":"7680","forgot_password_crypto":null,"status":"approved","email_verification_status":"verified","change_request":"not_requested","change_request_time":null,"type":"admin","visibility":"full_name,institution_id,membership_number","completeness":100,"last_verified_info":null}],"childrens_info":[],"social_network":[]},{"email":"abcd@abcd.com","users_registration":[{"email":"abcd@abcd.com","id":6,"full_name":null,"name_bangla":"","first_name":"Ahsan","last_name":"Riyad","mobile":"01719246822","institution_id":"1566565","password":"29cf2160ad1165db8dacdfd2eedcf5d0","registration_date":"2020-02-19 12:39:20.000000","membership_number":1000}],"users_info":[{"email":"abcd@abcd.com","gender":null,"ui_id":0,"nid_or_passport":null,"fathers_name":null,"mother_name":null,"spouse_name":null,"number_of_children":null,"profession":null,"designation":null,"institution":null,"blood_group":null,"date_of_birth":null,"religion":null,"json_test":null}],"users_address":[{"email":"abcd@abcd.com","users_address_id":6,"present_line1":null,"present_line2":null,"present_district":null,"present_police_station":null,"present_post_office_name":null,"present_post_code":null,"present_country":null,"parmanent_line1":null,"parmanent_line2":null,"parmanent_police_station":null,"parmanent_district":null,"parmanent_post_office_name":null,"parmanent_post_code":null,"parmanent_country":null,"second_citizenship_country":null}],"verification_info":[{"id_v_info":6,"email":"abcd@abcd.com","otp":"9250","forgot_password_crypto":null,"status":"approved","email_verification_status":"verified","change_request":"approved","change_request_time":null,"type":"user","visibility":"full_name,institution_id,membership_number","completeness":60,"last_verified_info":null}],"childrens_info":[],"social_network":[]}]